Иван,Иванов,VQ13xGK84QTd,VQ13xGK84QTd@goodtNTtest22052023.com,12345qwerty,Goodt,046d1c6d-a084-428a-8600-2008c3808e0e
Иван,Иванов,Omwnhvu53DNZ,Omwnhvu53DNZ@goodtNTtest22052023.com,12345qwerty,Goodt,b7eba1cc-5df6-45b5-9989-62b07c29e53e
Иван,Иванов,lRHoWmQi8FHD,lRHoWmQi8FHD@goodtNTtest22052023.com,12345qwerty,Goodt,24b20751-962a-48c8-8211-b48367d2ec8a
Иван,Иванов,zyzmRLUdglbw,zyzmRLUdglbw@goodtNTtest22052023.com,12345qwerty,Goodt,b9ec7b35-d6af-4e52-8689-f60e3036c4ec
Иван,Иванов,UV2GzhihmDbf,UV2GzhihmDbf@goodtNTtest22052023.com,12345qwerty,Goodt,5e92c858-b685-49f3-839a-641b19f3f383
Иван,Иванов,1NWhu9hkcSjO,1NWhu9hkcSjO@goodtNTtest22052023.com,12345qwerty,Goodt,80471097-729e-4cb1-a326-07cd3f8f44e8
Иван,Иванов,px29kB9LMI9U,px29kB9LMI9U@goodtNTtest22052023.com,12345qwerty,Goodt,219378b4-7f6a-4c62-aff5-2c5c9c4b4495
Иван,Иванов,4cgQrNYrL0NM,4cgQrNYrL0NM@goodtNTtest22052023.com,12345qwerty,Goodt,2c5ff497-1f07-4e94-958c-d99eefae811d
Иван,Иванов,mocQHlWZYrlm,mocQHlWZYrlm@goodtNTtest22052023.com,12345qwerty,Goodt,2a7452b5-2b82-4ef5-bc8d-5b3b72cf2171
Иван,Иванов,zjeYq3eO7Kbr,zjeYq3eO7Kbr@goodtNTtest22052023.com,12345qwerty,Goodt,28d5cc11-c65d-4277-a564-5a970915727c
Иван,Иванов,6sXXr8hKTvuh,6sXXr8hKTvuh@goodtNTtest22052023.com,12345qwerty,Goodt,9144e4f2-1aa3-474f-9936-15692d56d490
Иван,Иванов,wJJiUFsXMNsI,wJJiUFsXMNsI@goodtNTtest22052023.com,12345qwerty,Goodt,d2e0161b-37a5-4974-8bf5-355d14fa710d
Иван,Иванов,rEBaRR4DYlsx,rEBaRR4DYlsx@goodtNTtest22052023.com,12345qwerty,Goodt,101e4c06-c8f0-40fd-aaae-551ed3a54046
Иван,Иванов,ic1MvfSF5HpE,ic1MvfSF5HpE@goodtNTtest22052023.com,12345qwerty,Goodt,3e29e0c6-f594-4c8c-8fcb-f7bc2ba9c629
Иван,Иванов,dyBt2O9v1XSw,dyBt2O9v1XSw@goodtNTtest22052023.com,12345qwerty,Goodt,f0f76936-b1ad-44ba-b935-c4672304db51
Иван,Иванов,uv0Ys6TvW3dr,uv0Ys6TvW3dr@goodtNTtest22052023.com,12345qwerty,Goodt,d38daa75-8991-439a-b849-b03207c066d1
Иван,Иванов,PLV0MnQ6VmlV,PLV0MnQ6VmlV@goodtNTtest22052023.com,12345qwerty,Goodt,523f7c27-ecd9-4541-a3f9-f5d7bfae8dec
Иван,Иванов,1uW7hOfEZm1T,1uW7hOfEZm1T@goodtNTtest22052023.com,12345qwerty,Goodt,084b56ee-89ab-4f15-9381-3b1da4dc91b7
Иван,Иванов,b6n1CfFXFHjt,b6n1CfFXFHjt@goodtNTtest22052023.com,12345qwerty,Goodt,9ce57987-ae89-4d07-a878-a47c925db721
Иван,Иванов,qqG43fp1cEHG,qqG43fp1cEHG@goodtNTtest22052023.com,12345qwerty,Goodt,51d1faea-7907-4114-a69a-b0be0cedda16
Иван,Иванов,kVA0NaO5zCYS,kVA0NaO5zCYS@goodtNTtest22052023.com,12345qwerty,Goodt,cfd61758-f03d-4077-90cd-84de06e5ada0
Иван,Иванов,eZVyYLnCziDY,eZVyYLnCziDY@goodtNTtest22052023.com,12345qwerty,Goodt,f8cb84ab-52b0-4095-9d56-42906f7a6125
Иван,Иванов,JEn0fUIgsHyD,JEn0fUIgsHyD@goodtNTtest22052023.com,12345qwerty,Goodt,4896c4f4-8e8c-4c53-9ea8-a7443a9c15a2
Иван,Иванов,9CGQVCPV2T6E,9CGQVCPV2T6E@goodtNTtest22052023.com,12345qwerty,Goodt,b9431d07-ba17-4c4d-bbc9-94aba02a10d3
Иван,Иванов,FbKRXQuE8H4T,FbKRXQuE8H4T@goodtNTtest22052023.com,12345qwerty,Goodt,020ffb7e-3792-4c3b-9f8b-da6ab15f39f5
Иван,Иванов,t53F8aSkbhJI,t53F8aSkbhJI@goodtNTtest22052023.com,12345qwerty,Goodt,a9a57360-1cf4-44e8-a856-d14e96974847
Иван,Иванов,riaBmZQCl2zY,riaBmZQCl2zY@goodtNTtest22052023.com,12345qwerty,Goodt,36d77489-8607-448d-8c58-3d4d18302e28
Иван,Иванов,jeu291Ome0FZ,jeu291Ome0FZ@goodtNTtest22052023.com,12345qwerty,Goodt,f8f2e71e-3599-4989-8ea5-78dd2002a576
Иван,Иванов,1n0Qq09TU1gm,1n0Qq09TU1gm@goodtNTtest22052023.com,12345qwerty,Goodt,a7e401d5-19a4-4b21-a7f3-a29137ecb112
Иван,Иванов,TzItUer5o7Wt,TzItUer5o7Wt@goodtNTtest22052023.com,12345qwerty,Goodt,e743ea5d-2fe2-4f8c-a122-63ac62b7995b
Иван,Иванов,gEVBkAupNEZs,gEVBkAupNEZs@goodtNTtest22052023.com,12345qwerty,Goodt,22cc7d8b-b26d-4e42-a33c-a63665df9d4d
Иван,Иванов,4UrI2EZ61IFx,4UrI2EZ61IFx@goodtNTtest22052023.com,12345qwerty,Goodt,0e5c7dde-9412-4b86-ad1e-d7a9dc88a00d
Иван,Иванов,ITjUO77kqRgV,ITjUO77kqRgV@goodtNTtest22052023.com,12345qwerty,Goodt,5998347e-2783-4d25-8433-7cf5f6ef0cba
Иван,Иванов,FtAhsiSXuPeK,FtAhsiSXuPeK@goodtNTtest22052023.com,12345qwerty,Goodt,831a3c59-0548-4486-87d3-c246e3943db4
Иван,Иванов,iO8nVG2A7741,iO8nVG2A7741@goodtNTtest22052023.com,12345qwerty,Goodt,d9f1589a-9ff5-4610-9ea9-3c18ef77218e
Иван,Иванов,XJUng7NLECji,XJUng7NLECji@goodtNTtest22052023.com,12345qwerty,Goodt,1f9302da-67ca-4771-88e1-3df9d02fdbcd
Иван,Иванов,U9XI9OJYQreo,U9XI9OJYQreo@goodtNTtest22052023.com,12345qwerty,Goodt,694ecc0d-2220-475f-abfa-71aab42c505f
Иван,Иванов,JJs8LVDfpxax,JJs8LVDfpxax@goodtNTtest22052023.com,12345qwerty,Goodt,500ae1f5-2191-495b-a5a6-3e51b699be24
Иван,Иванов,pMz9kMLdiwK6,pMz9kMLdiwK6@goodtNTtest22052023.com,12345qwerty,Goodt,4d96d8b2-54e4-4dc8-861c-3a3f12d173f3
Иван,Иванов,kMBvdLSzg6vU,kMBvdLSzg6vU@goodtNTtest22052023.com,12345qwerty,Goodt,612934d4-e06e-4f2c-9f17-b9bab2deb3d0
Иван,Иванов,du2oLDDkgR5X,du2oLDDkgR5X@goodtNTtest22052023.com,12345qwerty,Goodt,613ec9e3-3352-46b4-9ffb-f2871ef069a9
Иван,Иванов,LI5DjDaVIVgp,LI5DjDaVIVgp@goodtNTtest22052023.com,12345qwerty,Goodt,c8e8503d-7921-49fa-92bb-8581c45f94c3
Иван,Иванов,qdFWJGTdghQl,qdFWJGTdghQl@goodtNTtest22052023.com,12345qwerty,Goodt,d25f2f3f-7195-452e-b5e0-cee0d3794e07
Иван,Иванов,sIyzs17HV35r,sIyzs17HV35r@goodtNTtest22052023.com,12345qwerty,Goodt,f498f9ff-88d3-4e05-a345-d97a765734b9
Иван,Иванов,7VEArhr6UsDx,7VEArhr6UsDx@goodtNTtest22052023.com,12345qwerty,Goodt,3a4165b9-b67e-4581-8c5a-37c9a88ea889
Иван,Иванов,Jl1GpqcHw935,Jl1GpqcHw935@goodtNTtest22052023.com,12345qwerty,Goodt,f3cef6a6-a6f4-452e-b20f-55cbaeb5faf8
Иван,Иванов,6HUTP9Jef51O,6HUTP9Jef51O@goodtNTtest22052023.com,12345qwerty,Goodt,89567fe6-22e8-4c91-b976-063362679f52
Иван,Иванов,g3glLeefONl6,g3glLeefONl6@goodtNTtest22052023.com,12345qwerty,Goodt,eabf639d-d5a7-415b-a9e0-321e4b174a84
Иван,Иванов,Vm6MEKTR5QNu,Vm6MEKTR5QNu@goodtNTtest22052023.com,12345qwerty,Goodt,bd9839e8-e797-427f-8389-9ed0b39db09e
Иван,Иванов,cJXLaeyFVrVI,cJXLaeyFVrVI@goodtNTtest22052023.com,12345qwerty,Goodt,362c6635-28ea-4296-a783-3269330f4f10
Иван,Иванов,5jIZIV1tf2x0,5jIZIV1tf2x0@goodtNTtest22052023.com,12345qwerty,Goodt,62365714-6e94-46db-8709-17136adba3ef
Иван,Иванов,TYNr4cZ9BieS,TYNr4cZ9BieS@goodtNTtest22052023.com,12345qwerty,Goodt,ec4fdbf4-9bab-4474-812f-4061e4ac20e5
Иван,Иванов,FBdpoHJ5JT9T,FBdpoHJ5JT9T@goodtNTtest22052023.com,12345qwerty,Goodt,76977201-72fc-4f86-a5f1-934d61e65eca
Иван,Иванов,aZOMzubsAB0Z,aZOMzubsAB0Z@goodtNTtest22052023.com,12345qwerty,Goodt,59046c4a-787e-42b8-880d-6a244c900194
Иван,Иванов,eD3QmLK9bGmY,eD3QmLK9bGmY@goodtNTtest22052023.com,12345qwerty,Goodt,0bae4589-2c28-4c8d-9ad5-a62633d3846f
Иван,Иванов,fOxb8CQskQws,fOxb8CQskQws@goodtNTtest22052023.com,12345qwerty,Goodt,d27fdf2d-9c36-4e96-ac63-7bda265acc14
Иван,Иванов,UOfIRo5mavOC,UOfIRo5mavOC@goodtNTtest22052023.com,12345qwerty,Goodt,92c4c5df-6f1f-4e8d-bb03-2127831a5882
Иван,Иванов,fuqKIYjp3Qar,fuqKIYjp3Qar@goodtNTtest22052023.com,12345qwerty,Goodt,27fe23c0-e69e-4fd7-a42a-fa5a27e3be13
Иван,Иванов,zSkmMirVGXso,zSkmMirVGXso@goodtNTtest22052023.com,12345qwerty,Goodt,1cd3d756-f5b2-4106-87ee-2caa2ed53443
Иван,Иванов,p34HHWIxWI4x,p34HHWIxWI4x@goodtNTtest22052023.com,12345qwerty,Goodt,4b44063b-a0b0-4caf-86ff-ed7f463fee09
Иван,Иванов,fyKIUqQpdcha,fyKIUqQpdcha@goodtNTtest22052023.com,12345qwerty,Goodt,066c2046-8620-4392-aada-06bba03ba265
Иван,Иванов,PNRX09PGFgBh,PNRX09PGFgBh@goodtNTtest22052023.com,12345qwerty,Goodt,f5bb6d58-a81a-465a-96f0-a7e2feac5258
Иван,Иванов,IRvTMQSMl12X,IRvTMQSMl12X@goodtNTtest22052023.com,12345qwerty,Goodt,6c88a3bc-87d4-499f-85d3-b41d9b847680
Иван,Иванов,bB3GoL9p9bnr,bB3GoL9p9bnr@goodtNTtest22052023.com,12345qwerty,Goodt,44234186-95b7-434f-8c37-fe66d5f26aa9
Иван,Иванов,wLnUrDnUm3Yw,wLnUrDnUm3Yw@goodtNTtest22052023.com,12345qwerty,Goodt,38b97559-c35d-4053-a0ea-b30b6c1d9d27
Иван,Иванов,QEg9Aug0Pxht,QEg9Aug0Pxht@goodtNTtest22052023.com,12345qwerty,Goodt,b9852d8a-9b40-422c-8adf-0b5ce3471bc7
Иван,Иванов,U66D4mk0ox5s,U66D4mk0ox5s@goodtNTtest22052023.com,12345qwerty,Goodt,985738ec-6033-472c-a995-df5abbfaea85
Иван,Иванов,237N2yzXwcOM,237N2yzXwcOM@goodtNTtest22052023.com,12345qwerty,Goodt,99463d28-c993-40d2-bc32-17073abcaf5c
Иван,Иванов,GrYHGWMVFupm,GrYHGWMVFupm@goodtNTtest22052023.com,12345qwerty,Goodt,5fc13f97-3639-4740-aaf3-fe92fa89b03e
Иван,Иванов,BzMJOyyVZ5g2,BzMJOyyVZ5g2@goodtNTtest22052023.com,12345qwerty,Goodt,c6a51717-544b-46e5-ac9c-be60520c3eba
Иван,Иванов,5ryuCdv6ZWBp,5ryuCdv6ZWBp@goodtNTtest22052023.com,12345qwerty,Goodt,c4e1d94f-b4fd-4391-9e46-f3cbe0c87f6a
Иван,Иванов,maIpQMK8uqIg,maIpQMK8uqIg@goodtNTtest22052023.com,12345qwerty,Goodt,6fb25a85-537d-4b3e-9c1f-ca91aa3145cc
Иван,Иванов,0bY7yRyznINS,0bY7yRyznINS@goodtNTtest22052023.com,12345qwerty,Goodt,0af0de99-52d0-4eb8-880d-63fd7e8c5b4a
Иван,Иванов,7mKlVIzofdq5,7mKlVIzofdq5@goodtNTtest22052023.com,12345qwerty,Goodt,62928968-f150-4240-9dbf-e93904ad7df5
Иван,Иванов,miqiPdyNni7N,miqiPdyNni7N@goodtNTtest22052023.com,12345qwerty,Goodt,83800159-2e92-4b5d-9abc-9f9e6cd5eb92
Иван,Иванов,ftQoTAGFLrO3,ftQoTAGFLrO3@goodtNTtest22052023.com,12345qwerty,Goodt,ab9a7249-9135-4655-b2aa-661d0a095691
Иван,Иванов,v9ZD7kuxrkWy,v9ZD7kuxrkWy@goodtNTtest22052023.com,12345qwerty,Goodt,1a725162-41c1-4fdb-8cc9-2256a8d1b186
Иван,Иванов,AcdJtMtx57Pn,AcdJtMtx57Pn@goodtNTtest22052023.com,12345qwerty,Goodt,12c0521c-52c4-4013-afdc-4a86fe57c2f9
Иван,Иванов,QxoNUtkKiv0B,QxoNUtkKiv0B@goodtNTtest22052023.com,12345qwerty,Goodt,fb1897ec-5879-4650-b58e-f331176c52c0
Иван,Иванов,GsfuBe46Mcho,GsfuBe46Mcho@goodtNTtest22052023.com,12345qwerty,Goodt,50f63b65-f00a-49b8-b44e-704b590eb9c3
Иван,Иванов,1hYiqebtwxvo,1hYiqebtwxvo@goodtNTtest22052023.com,12345qwerty,Goodt,4ad7994e-a482-43c1-91fb-806ddbbac184
Иван,Иванов,J6BAyWDDydx0,J6BAyWDDydx0@goodtNTtest22052023.com,12345qwerty,Goodt,7babeb3f-40cb-4065-a57e-c9e52993dfce
Иван,Иванов,4oLRkfVgUjIQ,4oLRkfVgUjIQ@goodtNTtest22052023.com,12345qwerty,Goodt,68966c9e-ab80-4f86-bc6c-233bf17d34fd
Иван,Иванов,Fulh6qxQhs77,Fulh6qxQhs77@goodtNTtest22052023.com,12345qwerty,Goodt,637081b9-8730-4ce8-ab77-103a6e6ca759
Иван,Иванов,gFXLy1M8LfMa,gFXLy1M8LfMa@goodtNTtest22052023.com,12345qwerty,Goodt,124b1a44-8232-4ec5-9d7a-68f50756e200
Иван,Иванов,NIAAfRG7m5oH,NIAAfRG7m5oH@goodtNTtest22052023.com,12345qwerty,Goodt,4df99778-c363-4554-b66b-998f4e111bf8
Иван,Иванов,M2h0vmWwtzkV,M2h0vmWwtzkV@goodtNTtest22052023.com,12345qwerty,Goodt,95608606-4433-49cd-aa19-e0d78adae036
Иван,Иванов,9cWFTxmItrii,9cWFTxmItrii@goodtNTtest22052023.com,12345qwerty,Goodt,067cf4e2-4284-4368-9206-a4b6222cb85a
Иван,Иванов,yrcVTI7Q88O7,yrcVTI7Q88O7@goodtNTtest22052023.com,12345qwerty,Goodt,944918f1-6907-41a2-981c-ce66734c35ac
Иван,Иванов,uHAkloDBzqW9,uHAkloDBzqW9@goodtNTtest22052023.com,12345qwerty,Goodt,fc4c6572-508f-4fe4-a2b9-029870e52daf
Иван,Иванов,fVcpdONkU7pg,fVcpdONkU7pg@goodtNTtest22052023.com,12345qwerty,Goodt,0a1adf1d-0a6c-4ee1-b85a-38bcb468741f
Иван,Иванов,7gqwZFvZpYmL,7gqwZFvZpYmL@goodtNTtest22052023.com,12345qwerty,Goodt,8ea9f9c2-bcb3-4e15-8afe-fd5fd2862498
Иван,Иванов,VBh21dutm1Sq,VBh21dutm1Sq@goodtNTtest22052023.com,12345qwerty,Goodt,ff474877-4f50-4d9e-87eb-1967110938c7
Иван,Иванов,M9nWpQOzk531,M9nWpQOzk531@goodtNTtest22052023.com,12345qwerty,Goodt,eb63f2f7-545a-4fdb-85a2-663afcb816f6
Иван,Иванов,iGoX3uE5Xwsm,iGoX3uE5Xwsm@goodtNTtest22052023.com,12345qwerty,Goodt,780be249-067c-471a-adfc-3c37e87fb283
Иван,Иванов,9ybIvgatclTF,9ybIvgatclTF@goodtNTtest22052023.com,12345qwerty,Goodt,f646498b-d749-44e8-9aa0-df259b154c19
Иван,Иванов,q4O5dt8j3cfY,q4O5dt8j3cfY@goodtNTtest22052023.com,12345qwerty,Goodt,7304247c-a4b5-4383-a877-48c0304fd0bd
Иван,Иванов,KA06sO4FEuCh,KA06sO4FEuCh@goodtNTtest22052023.com,12345qwerty,Goodt,2bb6dc26-206f-4af0-915f-52b823859a12
Иван,Иванов,63mAkWKBL6iu,63mAkWKBL6iu@goodtNTtest22052023.com,12345qwerty,Goodt,05f75c45-ecf7-4585-9e30-802ab1c91362
Иван,Иванов,1GkeYB7PG7hB,1GkeYB7PG7hB@goodtNTtest22052023.com,12345qwerty,Goodt,9f8d92b0-7be3-400b-a69b-e0903857488c
Иван,Иванов,7RwqL2yxoohq,7RwqL2yxoohq@goodtNTtest24052023.com,12345qwerty,Goodt,3875b579-59f5-4360-b7b6-39fc44fc384c
Иван,Иванов,3bb3rlWjJTlv,3bb3rlWjJTlv@goodtNTtest24052023.com,12345qwerty,Goodt,6793987a-20fe-4885-9044-e541287e791a
Иван,Иванов,zU54n6L1ufdd,zU54n6L1ufdd@goodtNTtest24052023.com,12345qwerty,Goodt,78333a22-8eb3-4f58-a577-18c88502559b
Иван,Иванов,M3hhw32PzCb3,M3hhw32PzCb3@goodtNTtest24052023.com,12345qwerty,Goodt,4dad0b16-df92-49de-9be2-60c930eb78b2
Иван,Иванов,s2hPEuI15PkI,s2hPEuI15PkI@goodtNTtest24052023.com,12345qwerty,Goodt,f15f0960-2aa7-4cfc-9f67-426253a7d9ca
Иван,Иванов,tBaqfy0CsEmv,tBaqfy0CsEmv@goodtNTtest24052023.com,12345qwerty,Goodt,60a1fa26-8ba6-4b56-85e1-0fdf1ede7700
Иван,Иванов,gTXRFaKtKaHU,gTXRFaKtKaHU@goodtNTtest24052023.com,12345qwerty,Goodt,ab6c1a8f-245a-4267-974a-d2ceb38e15be
Иван,Иванов,3TmIs770osXT,3TmIs770osXT@goodtNTtest24052023.com,12345qwerty,Goodt,f62c65ad-7291-4474-9501-eda36c97914a
Иван,Иванов,ouvPwR3l2N5e,ouvPwR3l2N5e@goodtNTtest24052023.com,12345qwerty,Goodt,d992f5be-d2c6-4bf4-b298-e620458d21a9
Иван,Иванов,Mzs25OKn5mSY,Mzs25OKn5mSY@goodtNTtest24052023.com,12345qwerty,Goodt,2b418431-0611-406a-9083-1a6ee91e6ed5
Иван,Иванов,63bfAbU9k4Le,63bfAbU9k4Le@goodtNTtest24052023.com,12345qwerty,Goodt,90399934-25c8-4164-87f0-770909effc0f
Иван,Иванов,pooMuym9NoOU,pooMuym9NoOU@goodtNTtest24052023.com,12345qwerty,Goodt,9fe282ad-842c-40be-ab14-1aef782ecf78
Иван,Иванов,Cddvwdo9hZjA,Cddvwdo9hZjA@goodtNTtest24052023.com,12345qwerty,Goodt,26562053-dffb-4e03-8ad0-d442a54c5f28
Иван,Иванов,eT25PmQy8PuP,eT25PmQy8PuP@goodtNTtest24052023.com,12345qwerty,Goodt,a9d40453-e9db-4d60-97f1-3e2f5b211ddf
Иван,Иванов,mowb7lEXHNPp,mowb7lEXHNPp@goodtNTtest24052023.com,12345qwerty,Goodt,58c1024c-fa53-4796-86f4-eeb14f1d87f3
Иван,Иванов,wXnbXlH3VAbg,wXnbXlH3VAbg@goodtNTtest24052023.com,12345qwerty,Goodt,b6b0098a-f5ea-4878-bf40-1b0922f5c898
Иван,Иванов,Rdwosr7cSaMc,Rdwosr7cSaMc@goodtNTtest24052023.com,12345qwerty,Goodt,4f2f8e32-5aa4-4222-aab5-f630aaa67abd
Иван,Иванов,9U08pmugac6l,9U08pmugac6l@goodtNTtest24052023.com,12345qwerty,Goodt,f7eedcf7-93ed-4d27-92d7-a79e45351bab
Иван,Иванов,YY522dp71UBJ,YY522dp71UBJ@goodtNTtest24052023.com,12345qwerty,Goodt,0609ec42-e8e5-46c5-8203-63cafb7e32ed
Иван,Иванов,QsVye8J1MJa9,QsVye8J1MJa9@goodtNTtest24052023.com,12345qwerty,Goodt,ca4f24e7-b6ff-4226-bc6f-ab794848e0af
Иван,Иванов,aDy0kOarLJ2I,aDy0kOarLJ2I@goodtNTtest24052023.com,12345qwerty,Goodt,e17a35c4-b71f-49e0-8341-8b403c6f0a00
Иван,Иванов,tpztj0HhcqlM,tpztj0HhcqlM@goodtNTtest24052023.com,12345qwerty,Goodt,ea35d23f-4a6a-4d6b-b529-c6ed2a1fcae7
Иван,Иванов,quHdsW7s3mEH,quHdsW7s3mEH@goodtNTtest24052023.com,12345qwerty,Goodt,dc424695-f2d6-4447-b8fc-f533c2537eb7
Иван,Иванов,4fsrtMF2qVMS,4fsrtMF2qVMS@goodtNTtest24052023.com,12345qwerty,Goodt,3c90fd23-2716-4982-8d4a-5330b9a0ca49
Иван,Иванов,0aSDbdd9hxPP,0aSDbdd9hxPP@goodtNTtest24052023.com,12345qwerty,Goodt,e4451cf3-5cbf-4982-9f54-b8d97e89d604
Иван,Иванов,qLMvUdxcdLDC,qLMvUdxcdLDC@goodtNTtest24052023.com,12345qwerty,Goodt,991543ea-79e8-4452-b051-f8658e61d54f
Иван,Иванов,68WxYXMgF6fc,68WxYXMgF6fc@goodtNTtest24052023.com,12345qwerty,Goodt,88b69b3b-edac-4c94-8ebd-6db7065b686b
Иван,Иванов,d7x1DAAZwIZi,d7x1DAAZwIZi@goodtNTtest24052023.com,12345qwerty,Goodt,0ebcf52c-8ee3-4716-83a1-112f95571bc2
Иван,Иванов,Kww0Q4zK5C7E,Kww0Q4zK5C7E@goodtNTtest24052023.com,12345qwerty,Goodt,9811d639-035d-4462-9be4-4893c436dfb7
Иван,Иванов,40p2gvNepwlu,40p2gvNepwlu@goodtNTtest24052023.com,12345qwerty,Goodt,81f303b8-8965-407d-bf50-ab624c5c6afc
Иван,Иванов,5vwxR8b4uOLW,5vwxR8b4uOLW@goodtNTtest24052023.com,12345qwerty,Goodt,e19a3759-b87b-4ec9-be29-5c5120801ade
Иван,Иванов,FKy3Gt21pyQU,FKy3Gt21pyQU@goodtNTtest24052023.com,12345qwerty,Goodt,c49346d2-330d-41ea-bf40-78d8a32c630a
Иван,Иванов,q0Z6LW16HQNA,q0Z6LW16HQNA@goodtNTtest24052023.com,12345qwerty,Goodt,1d2ddc80-a83d-467f-8d02-635823e039ef
Иван,Иванов,bBWtYdo3i8Dk,bBWtYdo3i8Dk@goodtNTtest24052023.com,12345qwerty,Goodt,46bbde88-ec73-4457-a152-91f4e96b63bf
Иван,Иванов,IY79mGfaOdJj,IY79mGfaOdJj@goodtNTtest24052023.com,12345qwerty,Goodt,d02c5f0a-9f16-44d3-a362-cb5a2f0cae0a
Иван,Иванов,ocX04Lo0vbUJ,ocX04Lo0vbUJ@goodtNTtest24052023.com,12345qwerty,Goodt,c8bdf866-1138-4bd1-9009-2a21d9c81831
Иван,Иванов,OwkDK4fDNWGd,OwkDK4fDNWGd@goodtNTtest24052023.com,12345qwerty,Goodt,d3fd9ef5-d702-4110-8176-f3fdbe6b4485
Иван,Иванов,Z3DjIZZgrg8K,Z3DjIZZgrg8K@goodtNTtest24052023.com,12345qwerty,Goodt,0d038449-2732-4ce0-a1fb-21dfe1949eff
Иван,Иванов,CPW5SNWnKa4c,CPW5SNWnKa4c@goodtNTtest24052023.com,12345qwerty,Goodt,dacd2bf2-01d7-4970-ae38-ab0f955af6dd
Иван,Иванов,hMm60lG9cZEv,hMm60lG9cZEv@goodtNTtest24052023.com,12345qwerty,Goodt,a74e4ce9-aa54-4099-a48a-c5af26b66c81
Иван,Иванов,AkRRn88S8NbF,AkRRn88S8NbF@goodtNTtest24052023.com,12345qwerty,Goodt,df40def3-e1bf-4cfd-adf9-6aa2717ee928
Иван,Иванов,BIt2yUOF3ZSy,BIt2yUOF3ZSy@goodtNTtest24052023.com,12345qwerty,Goodt,d2c9153a-6d32-4217-8c02-a69e5bbc862d
Иван,Иванов,hwQHUVseSNka,hwQHUVseSNka@goodtNTtest24052023.com,12345qwerty,Goodt,8c00b028-4168-4699-8736-923c78f68cdb
Иван,Иванов,mtPXNZgPRGXy,mtPXNZgPRGXy@goodtNTtest24052023.com,12345qwerty,Goodt,7d7884b4-06c1-4fee-8538-0604e1f7cdf2
Иван,Иванов,2s7AN4rZ4Fe2,2s7AN4rZ4Fe2@goodtNTtest24052023.com,12345qwerty,Goodt,4c377bf3-63c4-4c16-b4b4-753c750d6a41
Иван,Иванов,dYeNUAct8dAr,dYeNUAct8dAr@goodtNTtest24052023.com,12345qwerty,Goodt,27914b5a-1142-4d10-998a-0f7dbc352bd0
Иван,Иванов,Rzo4jsMqINtp,Rzo4jsMqINtp@goodtNTtest24052023.com,12345qwerty,Goodt,167f6e6b-2e96-403b-ac8f-b739bb42c9c3
Иван,Иванов,7fk3FOekQ45U,7fk3FOekQ45U@goodtNTtest24052023.com,12345qwerty,Goodt,aaa447cc-d9e3-4f9c-809a-2e7e8d9fef00
Иван,Иванов,X35NuI9asYtH,X35NuI9asYtH@goodtNTtest24052023.com,12345qwerty,Goodt,a3ab2313-37fc-4a3f-a371-104aecda504a
Иван,Иванов,wWdxCftOo9ik,wWdxCftOo9ik@goodtNTtest24052023.com,12345qwerty,Goodt,9de528b5-a3ab-48bd-a375-224d29893643
Иван,Иванов,WnYFhFJliTro,WnYFhFJliTro@goodtNTtest24052023.com,12345qwerty,Goodt,eb9dc26d-f44c-4f8a-ae18-b533a9a52a47
Иван,Иванов,Fm2dKO929BMO,Fm2dKO929BMO@goodtNTtest24052023.com,12345qwerty,Goodt,2f0148fa-d6f7-4901-8665-2862f9eb2667
Иван,Иванов,As4gK8XzBYSV,As4gK8XzBYSV@goodtNTtest24052023.com,12345qwerty,Goodt,ae1e6cc4-b552-4f48-8674-e3003c0d428e
Иван,Иванов,pu2DHyv6dlzO,pu2DHyv6dlzO@goodtNTtest24052023.com,12345qwerty,Goodt,f2a8f315-8205-4188-9c50-ef955af4d85c
Иван,Иванов,7xHI1HjRZf9u,7xHI1HjRZf9u@goodtNTtest24052023.com,12345qwerty,Goodt,76f122e4-3bdb-4d04-8587-b95b10823aec
Иван,Иванов,SXjI0uigYQDy,SXjI0uigYQDy@goodtNTtest24052023.com,12345qwerty,Goodt,38f98a26-1bef-40cb-957d-9cc8fba0823d
Иван,Иванов,BNtqG1GBTGqM,BNtqG1GBTGqM@goodtNTtest24052023.com,12345qwerty,Goodt,4f22ca22-6a4b-4915-8cdf-924cdf96039a
Иван,Иванов,VDd0F1B7UCR1,VDd0F1B7UCR1@goodtNTtest24052023.com,12345qwerty,Goodt,be2f0071-009f-4f6e-adea-441c49f37928
Иван,Иванов,p5Dw3FMWR8tB,p5Dw3FMWR8tB@goodtNTtest24052023.com,12345qwerty,Goodt,0b6f47be-e7bd-447d-95e4-3cfff6e6aae7
Иван,Иванов,ZgTN6NOWcYRp,ZgTN6NOWcYRp@goodtNTtest24052023.com,12345qwerty,Goodt,9c153464-bd12-4954-92bd-a20fbb906fe9
Иван,Иванов,x6in50TTO5QJ,x6in50TTO5QJ@goodtNTtest24052023.com,12345qwerty,Goodt,c507983a-724e-4caf-8eb6-483c72c0e672
Иван,Иванов,JsymfoWjvLky,JsymfoWjvLky@goodtNTtest24052023.com,12345qwerty,Goodt,b150ece2-023c-44c8-ac6f-ec9df43f22d8
Иван,Иванов,Jdkrra3PfZEV,Jdkrra3PfZEV@goodtNTtest24052023.com,12345qwerty,Goodt,ae47dc00-7564-4544-9a63-b07283725084
Иван,Иванов,AWhy8KjdTBJI,AWhy8KjdTBJI@goodtNTtest24052023.com,12345qwerty,Goodt,77902a7f-6482-4bac-a783-e6884f07d7ea
Иван,Иванов,qinnH01wLiRs,qinnH01wLiRs@goodtNTtest24052023.com,12345qwerty,Goodt,65cfc23a-7521-4b6d-92dd-33406c653d76
Иван,Иванов,xh52khrA4keU,xh52khrA4keU@goodtNTtest24052023.com,12345qwerty,Goodt,cd6f5f39-20c1-499a-91ab-b26021462d00
Иван,Иванов,7RiGOX3cMc5g,7RiGOX3cMc5g@goodtNTtest24052023.com,12345qwerty,Goodt,847e3106-a1ea-4cc4-8006-54e96a50c60e
Иван,Иванов,zd8FcvNNYyBg,zd8FcvNNYyBg@goodtNTtest24052023.com,12345qwerty,Goodt,70adfbe3-b6ac-4e24-b6a8-6d06f3302d37
Иван,Иванов,ShIAgab4yGGm,ShIAgab4yGGm@goodtNTtest24052023.com,12345qwerty,Goodt,25452beb-991b-48cb-b188-53e67eabf788
Иван,Иванов,bKZKtNRhMgpY,bKZKtNRhMgpY@goodtNTtest24052023.com,12345qwerty,Goodt,c5c01b42-40b2-48f2-a23c-577f35cd6196
Иван,Иванов,tTOZBy4ctO7a,tTOZBy4ctO7a@goodtNTtest24052023.com,12345qwerty,Goodt,6b511922-645f-4b98-90ba-d73072ab5b14
Иван,Иванов,t2WK5eYBPhT7,t2WK5eYBPhT7@goodtNTtest24052023.com,12345qwerty,Goodt,7ed4e3ff-7a77-4a84-ad0e-109653017ca4
Иван,Иванов,EKMTs9op4Kld,EKMTs9op4Kld@goodtNTtest24052023.com,12345qwerty,Goodt,f7b474e4-6e8f-484c-b28e-1f9ae5971de1
Иван,Иванов,whdUmfJ9cenG,whdUmfJ9cenG@goodtNTtest24052023.com,12345qwerty,Goodt,f6ba5add-f8f6-477e-b229-362dea3982bd
Иван,Иванов,DY3EPxGtTI9q,DY3EPxGtTI9q@goodtNTtest24052023.com,12345qwerty,Goodt,0b1cfb2c-ae69-401c-a7e0-6c8527022cb8
Иван,Иванов,MLmagpDcBsMe,MLmagpDcBsMe@goodtNTtest24052023.com,12345qwerty,Goodt,652c177a-3622-4f0d-bf23-122aa5a9e22d
Иван,Иванов,nWBNeFdTWb5r,nWBNeFdTWb5r@goodtNTtest24052023.com,12345qwerty,Goodt,baf2962d-8fef-4c61-8941-fe6a6a9aea71
Иван,Иванов,mw7crWZdYYJO,mw7crWZdYYJO@goodtNTtest24052023.com,12345qwerty,Goodt,474ce9c9-75c5-4851-b2f1-b71bd04f25f9
Иван,Иванов,t0o0LGlwL4fd,t0o0LGlwL4fd@goodtNTtest24052023.com,12345qwerty,Goodt,7cf6e335-3359-4dc4-b912-aca5295e7d8e
Иван,Иванов,m7tN9dUM3YkV,m7tN9dUM3YkV@goodtNTtest24052023.com,12345qwerty,Goodt,93c03230-b560-4b31-94a9-24e9d473c185
Иван,Иванов,SuuQlcVJoPoN,SuuQlcVJoPoN@goodtNTtest24052023.com,12345qwerty,Goodt,3e454e65-42bc-4bb6-b166-428ce3ce51cd
Иван,Иванов,iDNtSeRKlg3k,iDNtSeRKlg3k@goodtNTtest24052023.com,12345qwerty,Goodt,a1eb07e0-767b-454c-82e7-8f6936ac447f
Иван,Иванов,z1NOTqV4UXjY,z1NOTqV4UXjY@goodtNTtest24052023.com,12345qwerty,Goodt,cd6789f2-6d91-429d-9eeb-c5f1bb739fb8
Иван,Иванов,OffNPuqHQcre,OffNPuqHQcre@goodtNTtest24052023.com,12345qwerty,Goodt,44b57c0b-4f7b-4d18-b3ea-d4a6b1676ef7
Иван,Иванов,OlkpmjxOK7Ni,OlkpmjxOK7Ni@goodtNTtest24052023.com,12345qwerty,Goodt,cf31d75b-c0f5-47b1-ab0a-20bd92b18b60
Иван,Иванов,EnC13z0m8wMV,EnC13z0m8wMV@goodtNTtest24052023.com,12345qwerty,Goodt,e4c1fa05-270e-4024-9c77-22c475b4ab01
Иван,Иванов,qBZr6zRULEZk,qBZr6zRULEZk@goodtNTtest24052023.com,12345qwerty,Goodt,32cd8573-21be-428a-96e9-97b534ce07bf
Иван,Иванов,3eMQFLcA0JeP,3eMQFLcA0JeP@goodtNTtest24052023.com,12345qwerty,Goodt,81e59e08-9492-41b0-89fc-2d5a2645d0ae
Иван,Иванов,JgIcUFwXR1OX,JgIcUFwXR1OX@goodtNTtest24052023.com,12345qwerty,Goodt,cdb52ec4-8e60-43c9-8180-aed5c44efb3a
Иван,Иванов,Fvzny78tHysW,Fvzny78tHysW@goodtNTtest24052023.com,12345qwerty,Goodt,726620be-4118-44f0-b1ce-411771db9c99
Иван,Иванов,PcEr4BgaiQqX,PcEr4BgaiQqX@goodtNTtest24052023.com,12345qwerty,Goodt,617fa452-c59e-4bdd-bc5d-be436ef3f323
Иван,Иванов,bvtFkeJfkld2,bvtFkeJfkld2@goodtNTtest24052023.com,12345qwerty,Goodt,8ce4f02b-2f39-453e-9988-eb900a864009
Иван,Иванов,zfyecQ3k4lAm,zfyecQ3k4lAm@goodtNTtest24052023.com,12345qwerty,Goodt,5340311c-8b64-4364-8752-72faaf6b3165
Иван,Иванов,G0Sch3M8QfYY,G0Sch3M8QfYY@goodtNTtest24052023.com,12345qwerty,Goodt,7fbce23a-9bf3-4e2e-b3c8-591c000bdd01
Иван,Иванов,XRwysaQgbTui,XRwysaQgbTui@goodtNTtest24052023.com,12345qwerty,Goodt,5d8d661b-9d68-407a-b4be-33391ab1cc70
Иван,Иванов,fMej4W3G3miK,fMej4W3G3miK@goodtNTtest24052023.com,12345qwerty,Goodt,7b9ea704-ea8d-4965-8c52-5ce7ef66d085
Иван,Иванов,IQv4wpZ20fij,IQv4wpZ20fij@goodtNTtest24052023.com,12345qwerty,Goodt,a1978dd9-2642-48a7-9893-7f651ead6c13
Иван,Иванов,WUpNqMCn0ICJ,WUpNqMCn0ICJ@goodtNTtest24052023.com,12345qwerty,Goodt,bcad6607-6141-4e3e-967d-49f424895e76
Иван,Иванов,6i4u6yWSCB6b,6i4u6yWSCB6b@goodtNTtest24052023.com,12345qwerty,Goodt,d86c96e9-11fe-409d-9503-07577187c804
Иван,Иванов,uByTJpmnjouB,uByTJpmnjouB@goodtNTtest24052023.com,12345qwerty,Goodt,1be3adf0-8242-40e3-ab4a-4eba9a7f0a59
Иван,Иванов,aXMladNhd074,aXMladNhd074@goodtNTtest24052023.com,12345qwerty,Goodt,febe6183-1dd3-433b-90fb-868bc1e27e1f
Иван,Иванов,pTxkDFpoV6oQ,pTxkDFpoV6oQ@goodtNTtest24052023.com,12345qwerty,Goodt,2ac07b7d-d0aa-4d42-b790-81d5a04f3c99
Иван,Иванов,248BjsjXtMvT,248BjsjXtMvT@goodtNTtest24052023.com,12345qwerty,Goodt,7ade213d-bcd4-44a9-a57c-c2cb3474e6ab
Иван,Иванов,IFLJpLoewJk9,IFLJpLoewJk9@goodtNTtest24052023.com,12345qwerty,Goodt,645ce146-bf5d-4678-8fca-3f9b509de0cf
Иван,Иванов,OlAg4CqlVQjd,OlAg4CqlVQjd@goodtNTtest24052023.com,12345qwerty,Goodt,e8275602-14cb-4515-aa29-48e5c3879b5c
Иван,Иванов,p4TFE8caJ3GZ,p4TFE8caJ3GZ@goodtNTtest24052023.com,12345qwerty,Goodt,2ece036d-549a-44b9-ad6e-b2279a424376
Иван,Иванов,GQeb4KbVjIsP,GQeb4KbVjIsP@goodtNTtest24052023.com,12345qwerty,Goodt,ebc62a23-6f78-46f2-9766-8ca9f3d32c88
Иван,Иванов,1jMEBCW7jerJ,1jMEBCW7jerJ@goodtNTtest24052023.com,12345qwerty,Goodt,5330a0c4-be2b-4973-8f3f-fdbe1361def0
Иван,Иванов,hSjnWQVb8GYa,hSjnWQVb8GYa@goodtNTtest24052023.com,12345qwerty,Goodt,065fa105-173c-45c2-93ad-b3dc35f43739
Иван,Иванов,nkzIzJBsfri2,nkzIzJBsfri2@goodtNTtest24052023.com,12345qwerty,Goodt,ab5ef00a-941e-4ae4-b17c-b200029d3727
Иван,Иванов,q76k081dZF5v,q76k081dZF5v@goodtNTtest24052023.com,12345qwerty,Goodt,f34c8ce5-4c96-450a-abc9-9e3a2d11aee7
Иван,Иванов,CZzn2lmYp1Qg,CZzn2lmYp1Qg@goodtNTtest24052023.com,12345qwerty,Goodt,305424d4-99f0-415b-89a4-5e385ad818f9
Иван,Иванов,k80yG8HLBHi7,k80yG8HLBHi7@goodtNTtest24052023.com,12345qwerty,Goodt,1388281f-ada6-4cf8-96a2-d8d85c7b5d18
Иван,Иванов,Kbpnt8joWZiw,Kbpnt8joWZiw@goodtNTtest24052023.com,12345qwerty,Goodt,c66ec254-53e4-4942-b3e0-f75faee11f74
Иван,Иванов,YYcQLsYVXEYN,YYcQLsYVXEYN@goodtNTtest24052023.com,12345qwerty,Goodt,ce9a4a09-ca82-412d-aee2-4a67553d49dd
Иван,Иванов,DAzxEbdn0358,DAzxEbdn0358@goodtNTtest24052023.com,12345qwerty,Goodt,f7d135fb-d755-4cbc-bb05-5632113c2c26
